{"initial_reset_timestamp": 1636528015.8408523, "timestamps": [1636528020.4904206, 1636528020.6705105, 1636528021.0038512, 1636528021.4110687, 1636528021.7807996, 1636528022.142786, 1636528022.4953337, 1636528022.8420358, 1636528023.2328427, 1636528023.6665125, 1636528026.924521, 1636528027.2820857, 1636528027.627817, 1636528027.9779043, 1636528028.3485374, 1636528028.692169, 1636528029.0506508, 1636528029.3900888, 1636528029.7348664, 1636528030.0727062, 1636528035.1350765, 1636528037.2531693, 1636528039.4403505, 1636528041.6012044, 1636528043.728765, 1636528045.8259246, 1636528047.9369004, 1636528050.077003, 1636528052.1821306, 1636528054.2859664, 1636528059.4265752, 1636528061.5455122, 1636528063.637388, 1636528065.7635996, 1636528067.8775506, 1636528069.548615, 1636528071.7307143, 1636528073.7958612, 1636528075.9547064, 1636528078.069033, 1636528083.183593, 1636528085.3040848, 1636528086.7850866, 1636528088.8820302, 1636528091.0244396, 1636528093.1497006, 1636528095.2986782, 1636528097.414036, 1636528099.5217726, 1636528101.710646, 1636528107.159062, 1636528109.3009748, 1636528111.4574068, 1636528113.548529, 1636528115.6565015, 1636528116.6171203, 1636528118.7150831, 1636528120.8127618, 1636528122.8873339, 1636528125.111199, 1636528127.2561696, 1636528132.3770914, 1636528133.65284, 1636528135.2240515, 1636528137.3159401, 1636528138.47205, 1636528140.5898814, 1636528142.744741, 1636528144.8534927, 1636528146.7450545, 1636528148.8502026, 1636528150.9251854, 1636528156.195467, 1636528158.2671351, 1636528160.3476682, 1636528162.4548743, 1636528164.5384917, 1636528166.6099703, 1636528168.6864362, 1636528170.7892542, 1636528172.8914576, 1636528175.0633116, 1636528180.1804388, 1636528182.2633042, 1636528184.3797264, 1636528186.5679502, 1636528188.6792505, 1636528190.7728903, 1636528192.8941321, 1636528194.9810858, 1636528197.0997396, 1636528199.2087653, 1636528204.2299602, 1636528206.318829, 1636528208.5186555, 1636528210.691617, 1636528212.7803268, 1636528214.9031742, 1636528216.9986694, 1636528219.1866257, 1636528221.3123188, 1636528223.081519, 1636528228.2530894, 1636528230.3795726, 1636528232.4563723, 1636528234.5394106, 1636528236.650912, 1636528238.7229972, 1636528240.8543053, 1636528242.941202, 1636528245.0291922, 1636528247.1147916, 1636528252.3004441, 1636528254.3938246, 1636528256.513168, 1636528258.5831892, 1636528260.6825974, 1636528262.762684, 1636528264.8491304, 1636528266.9296088, 1636528268.9955003, 1636528271.05572, 1636528276.2248356, 1636528278.310775, 1636528280.4744122, 1636528282.578904, 1636528284.643275, 1636528286.7291396, 1636528288.7904732, 1636528290.9068305, 1636528292.9713018, 1636528295.0589435, 1636528300.1533716, 1636528302.2505443, 1636528304.3546093, 1636528306.510351, 1636528308.6065376, 1636528310.7221825, 1636528312.9006698, 1636528314.9977894, 1636528317.0798497, 1636528319.1631958, 1636528324.3051484, 1636528326.3827455, 1636528328.459057, 1636528330.5346427, 1636528332.625695, 1636528334.735956, 1636528336.814727, 1636528338.932474, 1636528341.0568736, 1636528343.253338, 1636528348.4320827, 1636528350.5025134, 1636528352.5851173, 1636528354.647654, 1636528356.7621872, 1636528358.8416965, 1636528360.934322, 1636528363.0377207, 1636528365.1194997, 1636528367.1964607, 1636528372.3737504, 1636528374.489193, 1636528376.6906564, 1636528378.8029244, 1636528380.9279904, 1636528383.023557, 1636528385.1236193, 1636528387.2251377, 1636528389.3265083, 1636528391.4375126, 1636528396.5537307, 1636528398.6706986, 1636528400.766086, 1636528402.3504722, 1636528404.4259717, 1636528406.6732106, 1636528408.7544353, 1636528410.8594573, 1636528412.9446378, 1636528415.0244858, 1636528420.1381795, 1636528422.212971, 1636528424.3082395, 1636528426.4217494, 1636528428.5173275, 1636528430.6106987, 1636528432.7227395, 1636528434.8269482, 1636528437.0337262, 1636528439.2122147, 1636528444.379123, 1636528446.4853806, 1636528448.5857491, 1636528450.6862245, 1636528452.8128057, 1636528454.9232588, 1636528457.0037293, 1636528459.107531, 1636528461.20825, 1636528463.3177462, 1636528468.502013, 1636528470.6966796, 1636528472.8574805, 1636528474.984298, 1636528477.1345708, 1636528479.2558506, 1636528481.3651142, 1636528483.445874, 1636528485.5330544, 1636528487.6370273, 1636528492.7922165, 1636528494.8691452, 1636528496.9578989, 1636528499.0411615, 1636528501.2476578, 1636528503.3437457, 1636528505.502208, 1636528507.594385, 1636528509.670894, 1636528511.748846, 1636528516.7735317, 1636528518.8527875, 1636528520.950816, 1636528523.0667467, 1636528525.1690733, 1636528527.2633615, 1636528529.3444984, 1636528531.5335157, 1636528533.673577, 1636528535.7563388, 1636528540.980083, 1636528543.0860791, 1636528545.1909807, 1636528547.3000364, 1636528549.4116404, 1636528551.513769, 1636528553.6275287, 1636528555.7311568, 1636528557.8287194, 1636528559.9249055, 1636528565.2570105, 1636528567.3484993, 1636528569.4396555, 1636528571.5574849, 1636528573.6470182, 1636528575.7670746, 1636528577.8670483, 1636528579.0864813, 1636528581.1807024, 1636528583.2749949, 1636528585.364955, 1636528590.5037377, 1636528592.5936518, 1636528594.7727273, 1636528596.8979206, 1636528598.9684134, 1636528601.0574741, 1636528602.2733815, 1636528604.3893778, 1636528606.4608932, 1636528608.5462685, 1636528613.700323, 1636528615.786291, 1636528617.2661142, 1636528619.3427482, 1636528620.983437, 1636528623.1763642, 1636528625.2811756, 1636528627.3983567, 1636528629.5112445, 1636528631.6153662, 1636528633.7203794, 1636528638.936997, 1636528640.8815186, 1636528642.9953556, 1636528645.141307, 1636528647.240073, 1636528649.3249013, 1636528651.409771, 1636528653.6121514, 1636528655.7056677, 1636528657.7830193, 1636528662.963614, 1636528665.0833201, 1636528666.5102801, 1636528668.5937924, 1636528670.1664302, 1636528672.2998173, 1636528674.389513, 1636528676.4851656, 1636528678.5626383, 1636528680.4991245, 1636528682.699142, 1636528687.8703296, 1636528689.9660904, 1636528692.0707014, 1636528694.2135003, 1636528696.3141968, 1636528697.9169602, 1636528700.037848, 1636528702.1565704, 1636528704.2909598, 1636528706.4094226, 1636528711.5449436, 1636528713.6469374, 1636528715.4567614, 1636528716.8852727, 1636528718.9613025, 1636528721.0324616, 1636528723.1282244, 1636528725.2154472, 1636528727.3096256, 1636528729.4231389, 1636528734.6005225, 1636528736.7795374, 1636528738.8789825, 1636528740.9875078, 1636528743.0952983, 1636528745.3047347, 1636528747.4250934, 1636528749.5471392, 1636528751.6871197, 1636528753.8208268, 1636528759.339083, 1636528761.4413948, 1636528763.5354438, 1636528765.6471055, 1636528767.7587125, 1636528769.513302, 1636528771.735429, 1636528773.8489296, 1636528775.9844878, 1636528778.0671065, 1636528780.1858191, 1636528785.336245, 1636528787.4401288, 1636528789.5499117, 1636528790.7050197, 1636528792.8296223, 1636528794.933321, 1636528797.0619287, 1636528799.1622648, 1636528801.3733213, 1636528803.5200438, 1636528808.6212685, 1636528810.7279458, 1636528812.8408427, 1636528814.950566, 1636528817.0602279, 1636528819.1863332, 1636528821.310255, 1636528823.4392872, 1636528825.550477, 1636528827.6367857, 1636528832.7800853, 1636528834.3405468, 1636528835.7054715, 1636528837.7176585, 1636528839.8298264, 1636528841.9299424, 1636528844.0271938, 1636528846.1193664, 1636528848.200942, 1636528850.2911952, 1636528852.4262922, 1636528857.7931004, 1636528859.8795838, 1636528862.1067224, 1636528864.201007, 1636528866.3127034, 1636528868.4820426, 1636528870.616841, 1636528872.7248821, 1636528874.8372047, 1636528876.951877, 1636528882.1083536, 1636528884.209961, 1636528886.3539011, 1636528888.063783, 1636528890.1536984, 1636528892.349404, 1636528894.464842, 1636528896.5584326, 1636528898.637802, 1636528900.7464871, 1636528906.005015, 1636528908.0919552, 1636528910.1820242, 1636528912.2814238, 1636528914.3784757, 1636528916.4655719, 1636528918.5382173, 1636528920.6259522, 1636528922.8234556, 1636528924.9087076, 1636528930.1278324, 1636528932.2246432, 1636528934.38067, 1636528936.5072966, 