{"initial_reset_timestamp": 1636528018.0699413, "timestamps": [1636528018.3528712, 1636528018.5672157, 1636528018.7787771, 1636528019.0222216, 1636528019.2492254, 1636528019.5421734, 1636528019.7758067, 1636528019.9967742, 1636528020.2270997, 1636528020.4362977, 1636528024.6625242, 1636528024.8832731, 1636528025.1009429, 1636528025.3166354, 1636528025.5267687, 1636528025.7435234, 1636528025.9553514, 1636528026.1725905, 1636528026.480909, 1636528026.6911097, 1636528031.1655827, 1636528031.3871665, 1636528031.6025958, 1636528031.8189518, 1636528032.051205, 1636528032.2647185, 1636528032.483567, 1636528032.692882, 1636528032.9236977, 1636528033.1435323, 1636528055.3132024, 1636528055.528204, 1636528055.8567874, 1636528056.0818033, 1636528056.3134348, 1636528056.5336976, 1636528056.7989933, 1636528057.0261848, 1636528057.2525578, 1636528057.4782577, 1636528079.5101786, 1636528079.736321, 1636528079.968515, 1636528080.1947832, 1636528080.5110383, 1636528080.7310607, 1636528080.9692066, 1636528081.1976526, 1636528081.4229314, 1636528081.6479363, 1636528103.8214626, 1636528104.028514, 1636528104.2215335, 1636528104.440493, 1636528104.6283555, 1636528104.8540027, 1636528105.0498304, 1636528105.2652428, 1636528105.5733347, 1636528105.7961402, 1636528106.0129561, 1636528106.2446656, 1636528128.5363824, 1636528128.770074, 1636528128.996899, 1636528129.2140071, 1636528129.435167, 1636528129.6585543, 1636528129.884705, 1636528130.0983293, 1636528130.4121382, 1636528130.6335344, 1636528152.823029, 1636528153.054722, 1636528153.276294, 1636528153.5056179, 1636528153.7302487, 1636528153.9908156, 1636528154.218327, 1636528154.442823, 1636528154.6694674, 1636528155.0047517, 1636528176.9570348, 1636528177.2045612, 1636528177.4329321, 1636528177.6495166, 1636528177.8819675, 1636528178.0981765, 1636528178.3212385, 1636528178.5414429, 1636528178.7639606, 1636528178.9798403, 1636528201.0225103, 1636528201.2362058, 1636528201.452121, 1636528201.7631993, 1636528201.9758565, 1636528202.1959138, 1636528202.4110324, 1636528202.6349068, 1636528202.842581, 1636528203.0579784, 1636528225.272428, 1636528225.499832, 1636528225.725351, 1636528225.9522457, 1636528226.185421, 1636528226.5111222, 1636528226.7433803, 1636528226.9758122, 1636528227.202724, 1636528227.4345746, 1636528249.368114, 1636528249.589306, 1636528249.8125386, 1636528250.0324142, 1636528250.2711182, 1636528250.4996123, 1636528250.719955, 1636528250.937403, 1636528251.1614094, 1636528251.4880986, 1636528273.3627558, 1636528273.6033418, 1636528273.8365245, 1636528274.0628998, 1636528274.2872927, 1636528274.5097623, 1636528274.7320917, 1636528274.9835727, 1636528275.2023296, 1636528275.4216695, 1636528297.2149944, 1636528297.4408054, 1636528297.7582197, 1636528297.982627, 1636528298.2083004, 1636528298.4280434, 1636528298.6595838, 1636528298.883892, 1636528299.1043875, 1636528299.3249516, 1636528321.3410933, 1636528321.5676565, 1636528321.8015175, 1636528322.0240846, 1636528322.2643225, 1636528322.5929153, 1636528322.8203833, 1636528323.0441403, 1636528323.27381, 1636528323.5009515, 1636528345.4453933, 1636528345.6659496, 1636528345.9027188, 1636528346.1265156, 1636528346.3567917, 1636528346.5885015, 1636528346.817406, 1636528347.050695, 1636528347.3865376, 1636528347.6145327, 1636528369.444422, 1636528369.6805363, 1636528369.9057665, 1636528370.1250563, 1636528370.3491151, 1636528370.5813255, 1636528370.8144867, 1636528371.0377254, 1636528371.2623842, 1636528371.4873044, 1636528393.596962, 1636528393.9361372, 1636528394.1658926, 1636528394.3826616, 1636528394.6071024, 1636528394.8355684, 1636528395.0648572, 1636528395.2866745, 1636528395.5078835, 1636528395.7298017, 1636528417.7012029, 1636528417.9236991, 1636528418.1461837, 1636528418.371942, 1636528418.6916807, 1636528418.9122753, 1636528419.1570446, 1636528419.3889296, 1636528419.6157377, 1636528419.839362, 1636528441.9461942, 1636528442.1696432, 1636528442.3994803, 1636528442.6457098, 1636528442.8578887, 1636528443.076289, 1636528443.2961483, 1636528443.6456294, 1636528443.863055, 1636528444.0761294, 1636528466.152081, 1636528466.3784716, 1636528466.6098795, 1636528466.8341222, 1636528467.0685823, 1636528467.2919385, 1636528467.5191863, 1636528467.7467675, 1636528467.9730024, 1636528468.2022812, 1636528490.4578564, 1636528490.6827393, 1636528490.9050858, 1636528491.1275322, 1636528491.35936, 1636528491.5921924, 1636528491.8135161, 1636528492.032457, 1636528492.260106, 1636528492.4921231, 1636528514.4255013, 1636528514.6467016, 1636528514.8659244, 1636528515.1748626, 1636528515.3948812, 1636528515.6153057, 1636528515.8283856, 1636528516.0415225, 1636528516.2515235, 1636528516.4675145, 1636528538.486102, 1636528538.7152243, 1636528538.954162, 1636528539.1833603, 1636528539.4172664, 1636528539.6382616, 1636528539.9748652, 1636528540.195089, 1636528540.42791, 1636528540.6756783, 1636528562.7544665, 1636528562.9775624, 1636528563.2189374, 1636528563.4468648, 1636528563.6730156, 1636528563.9262004, 1636528564.1606793, 1636528564.3942413, 1636528564.6195986, 1636528564.9480722, 1636528587.0781946, 1636528587.3042839, 1636528587.5443196, 1636528587.7674878, 1636528587.9953852, 1636528588.217328, 1636528588.442204, 1636528588.6755698, 1636528588.90431, 1636528589.1309586, 1636528611.0467093, 1636528611.3699758, 1636528611.5983398, 1636528611.8289566, 1636528612.0527718, 1636528612.2786589, 1636528612.5073228, 1636528612.7323337, 1636528612.9696505, 1636528613.1977317, 1636528635.3348346, 1636528635.5660315, 1636528635.787499, 1636528636.140886, 1636528636.3819184, 1636528636.6192505, 1636528636.8465462, 1636528637.0749118, 1636528637.3045805, 1636528637.5326884, 1636528659.5295281, 1636528659.7542195, 1636528659.9887125, 1636528660.2112827, 1636528660.448756, 1636528660.6765738, 1636528660.9994106, 1636528661.2225487, 1636528661.456134, 1636528661.7129643, 1636528683.9144733, 1636528684.140541, 1636528684.370497, 1636528684.600966, 1636528684.8496022, 1636528685.0733926, 1636528685.3035967, 1636528685.5330667, 1636528685.85998, 1636528686.0830905, 1636528708.220881, 1636528708.4544268, 1636528708.6784, 1636528708.8958097, 1636528709.122414, 1636528709.3430326, 1636528709.5595446, 1636528709.7871845, 1636528710.0131404, 1636528710.231943, 1636528732.2179487, 1636528732.5530043, 1636528732.7708325, 1636528732.99662, 1636528733.229354, 1636528733.4612703, 1636528733.688274, 1636528733.9174986, 1636528734.1468983, 1636528734.3762455, 1636528756.6357186, 1636528756.8100219, 1636528757.0084953, 1636528757.2349405, 1636528757.5253587, 1636528757.7405179, 1636528757.9720592, 1636528758.197334, 1636528758.42305, 1636528758.6610954, 1636528758.897895, 1636528759.1185749, 1636528781.3944674, 1636528781.6166692, 1636528781.8477523, 1636528782.0790348, 1636528782.4009187, 1636528782.6178288, 1636528782.8471391, 1636528783.0879276, 1636528783.3126733, 1636528783.527769, 1636528805.6864, 1636528805.905674, 1636528806.1271374, 1636528806.3569021, 1636528806.5863426, 1636528806.8016183, 1636528807.0169096, 1636528807.3394, 1636528807.5674887, 1636528807.7828035, 1636528829.913415, 1636528830.1407802, 1636528830.362126, 1636528830.5903575, 1636528830.8082929, 1636528831.0296721, 1636528831.2531312, 1636528831.4828572, 1636528831.7118871, 1636528831.9281044, 1636528854.2869413, 1636528854.51776, 1636528854.748035, 1636528854.9801674, 1636528855.193936, 1636528855.4252799, 1636528855.656289, 1636528855.898617, 1636528856.1247103, 1636528856.3241296, 1636528856.5494678, 1636528878.7015662, 1636528879.0317276, 1636528879.2602813, 1636528879.4836493, 1636528879.7071352, 1636528879.9396398, 1636528880.177806, 1636528880.4077342, 1636528880.6363301, 1636528880.8609638, 1636528902.9300683, 1636528903.153976, 1636528903.3785121, 1636528903.6145403, 1636528903.9564066, 1636528904.1867933, 1636528904.4215124, 1636528904.6817133, 1636528904.911189, 1636528905.147001, 1636528927.0652955, 1636528927.2955484, 1636528927.5282965, 1636528927.7793047, 1636528928.0096965, 1636528928.2440884, 