{"initial_reset_timestamp": 1636486770.9813364, "timestamps": [1636486771.2057738, 1636486771.3920088, 1636486771.584324, 1636486771.7958653, 1636486772.0142102, 1636486772.2238495, 1636486772.4448051, 1636486776.1552799, 1636486776.354689, 1636486776.566128, 1636486776.7599633, 1636486776.9480505, 1636486777.1502428, 1636486777.3724787, 1636486781.4699476, 1636486781.697228, 1636486781.8864083, 1636486782.0809975, 1636486782.2817156, 1636486782.4765332, 1636486782.6743963, 1636486793.6276135, 1636486793.845143, 1636486794.139862, 1636486794.365988, 1636486794.5723271, 1636486794.7956185, 1636486795.0076866, 1636486806.1673713, 1636486806.382034, 1636486806.5944238, 1636486806.8109443, 1636486807.025289, 1636486807.2439494, 1636486807.5563598, 1636486818.4971735, 1636486818.7215033, 1636486818.9354384, 1636486819.1589217, 1636486819.3722038, 1636486819.595993, 1636486819.8147144, 1636486830.9377854, 1636486831.150874, 1636486831.3781188, 1636486831.5963535, 1636486831.8240423, 1636486832.0538392, 1636486832.292261, 1636486843.52179, 1636486843.743331, 1636486843.965865, 1636486844.186067, 1636486844.4208596, 1636486844.6327503, 1636486844.848693, 1636486855.885419, 1636486856.106752, 1636486856.3189933, 1636486856.5402207, 1636486856.7587645, 1636486856.9784024, 1636486857.2099235, 1636486868.3841789, 1636486868.5876825, 1636486868.8015187, 1636486869.0126934, 1636486869.2923067, 1636486869.5085711, 1636486869.7196116, 1636486880.6697462, 1636486880.8579302, 1636486881.0783756, 1636486881.2818975, 1636486881.4831996, 1636486881.699135, 1636486881.8973122, 1636486892.955501, 1636486893.1870704, 1636486893.419838, 1636486893.6436203, 1636486893.8625515, 1636486894.0766943, 1636486894.1952007, 1636486894.436884, 1636486905.62218, 1636486905.8446388, 1636486906.0588574, 1636486906.2878382, 1636486906.5346036, 1636486906.7599456, 1636486906.9734154, 1636486918.181333, 1636486918.4246008, 1636486918.6468964, 1636486918.8744657, 1636486919.0878348, 1636486919.3028564, 1636486919.5344722, 1636486930.61426, 1636486930.8402135, 1636486931.0898187, 1636486931.31589, 1636486931.5310824, 1636486931.7533796, 1636486931.9717941, 1636486942.9754658, 1636486943.1873887, 1636486943.4689014, 1636486943.6661692, 1636486943.8713686, 1636486944.061055, 1636486944.2550852, 1636486955.2003562, 1636486955.4228926, 1636486955.6610112, 1636486955.886225, 1636486956.1035466, 1636486956.3094478, 1636486956.5676663, 1636486967.7664735, 1636486967.9897044, 1636486968.2109182, 1636486968.4336731, 1636486968.6582484, 1636486968.880877, 1636486969.116668, 1636486980.2429905, 1636486980.4667234, 1636486980.6892393, 1636486980.9139214, 1636486981.1309955, 1636486981.3572843, 1636486981.5674038, 1636486992.682378, 1636486992.9032843, 1636486993.0203223, 1636486993.1545749, 1636486993.3752708, 1636486993.615935, 1636486993.8417838, 1636486994.0566158, 1636486994.271347, 1636487005.4615602, 1636487005.7607868, 1636487005.970127, 1636487006.0855567, 1636487006.256825, 1636487006.4709787, 1636487006.6949074, 1636487006.905972, 1636487018.0362093, 1636487018.2614212, 1636487018.5071483, 1636487018.74728, 1636487018.9649417, 1636487019.1741664, 1636487019.407353, 1636487030.264728, 1636487030.3808863, 1636487030.5573196, 1636487030.7161689, 1636487030.846847, 1636487031.007697, 1636487031.14399, 1636487031.2827563, 1636487031.4455519, 1636487031.6343606, 1636487031.75904, 1636487031.912881, 1636487032.0685837, 1636487032.3421288, 1636487032.534282, 1636487032.6687577, 1636487032.8754354, 1636487043.806894, 1636487044.0256503, 1636487044.2385492, 1636487044.3999271, 1636487044.627301, 1636487044.7663496, 1636487044.9335046, 1636487045.2362928, 1636487045.3660753, 1636487045.508746, 1636487056.4336264, 1636487056.5489476, 1636487056.6601932, 1636487056.789011, 1636487056.9480407, 1636487057.0908003, 1636487057.2289076, 1636487057.4129145, 1636487057.7091486, 1636487057.8608778, 1636487058.029924, 1636487058.175332, 1636487058.324745, 1636487058.4860165, 1636487058.6347, 1636487069.472828, 1636487069.599911, 1636487069.8169212, 1636487069.9636712, 1636487070.1335475, 1636487070.4408803, 1636487070.6566586, 1636487070.8735247, 1636487070.9981768, 1636487071.1283262, 1636487071.3477771, 1636487082.3113313, 1636487082.5455463, 1636487082.7201347, 1636487082.8618994, 1636487082.9989352, 1636487083.2898993, 1636487083.4638517, 1636487083.676922, 1636487083.8189723, 1636487084.0003028, 1636487095.0573025, 1636487095.221691, 1636487095.342965, 1636487095.494008, 1636487095.62221, 1636487095.767448, 1636487096.0146985, 1636487096.1649783, 1636487096.3171093, 1636487096.5343802, 1636487096.6904998, 1636487096.8264525, 1636487097.0019462, 1636487097.1948752, 1636487097.3884535, 1636487108.2703855, 1636487108.3954375, 1636487108.615609, 1636487108.7704623, 1636487108.9092443, 1636487109.0551612, 1636487109.1679804, 1636487109.3186927, 1636487109.470062, 1636487109.587089, 1636487109.7240686, 1636487109.854251, 1636487110.0009756, 1636487110.1281152, 1636487110.270814, 1636487110.4037144, 1636487110.5311267, 1636487110.6370008, 1636487110.756908, 1636487110.8922856, 1636487111.008746, 1636487111.1165435, 1636487111.2277222, 1636487122.219856, 1636487122.340417, 1636487122.4650662, 1636487122.588288, 1636487122.6971614, 1636487122.8069508, 1636487122.9131906, 1636487123.0283554, 1636487123.1454978, 1636487123.2673662, 1636487123.4118485, 1636487123.5722387, 1636487123.7038727, 1636487123.8301833, 1636487123.95891, 1636487124.082222, 1636487124.1931343, 1636487124.3158593, 1636487124.4601161, 1636487124.6095285, 1636487124.8032942, 1636487124.935659, 1636487125.0423923, 1636487125.191186, 1636487125.3081133, 1636487125.4434245, 1636487136.5690281, 1636487136.7267072, 1636487136.858762, 1636487136.9793868, 1636487137.0942872, 1636487137.333084, 1636487137.455063, 1636487137.5935066, 1636487137.71358, 1636487137.833323, 1636487137.9382055, 1636487138.079931, 1636487138.2533195, 1636487138.4110453, 1636487138.5424542, 1636487138.6646485, 1636487138.7972777, 1636487138.9269013, 1636487139.0456781, 1636487139.1564596, 1636487139.3253102, 1636487139.4705567, 1636487150.3125048, 1636487150.4364536, 1636487150.578882, 1636487150.74547, 1636487150.877259, 1636487151.086968, 1636487151.2279742, 1636487151.3491368, 1636487151.496806, 1636487151.621071, 1636487151.798832, 1636487151.928446, 1636487152.0528827, 1636487152.1936688, 1636487152.3468084, 1636487152.5668275, 1636487163.512281, 1636487163.7094553, 1636487163.8202484, 1636487163.978466, 1636487164.1123123, 1636487164.3186948, 1636487164.4512255, 1636487164.5982292, 1636487164.836982, 1636487165.056883, 1636487165.1885848, 1636487165.4097474, 1636487165.5775259, 1636487165.7625265, 1636487176.8958154, 1636487177.101985, 1636487177.3080359, 1636487177.4434433, 1636487177.6111493, 1636487177.82677, 1636487178.003976, 1636487178.1208804, 1636487178.3193693, 1636487189.3046052, 1636487189.5155056, 1636487189.6302958, 1636487189.8402624, 1636487190.043491, 1636487190.2463226, 1636487190.4716582, 1636487190.5924037, 1636487190.7284327, 1636487201.7412496, 1636487201.9382248, 1636487202.143115, 1636487202.3632476, 1636487202.5994973, 1636487202.8251188, 1636487203.0384324, 1636487203.2522104, 1636487214.1811302, 1636487214.3965304, 1636487214.6029947, 1636487214.8095329, 1636487215.0169752, 1636487215.2198086, 1636487215.5474675, 1636487226.6816592, 1636487226.884807, 1636487227.0907419, 1636487227.3128629, 1636487227.527796, 1636487227.7421062, 1636487227.9786768, 1636487239.3116937, 1636487239.5246131, 1636487239.7415786, 1636487239.947289, 1636487240.1489384, 1636487240.3900633, 1636487240.598501, 1636487251.730827, 1636487251.9298375, 1636487252.1254153, 1636487252.3310127, 1636487252.5483787, 1636487252.768263, 1636487252.9985185, 1636487264.0440164, 1636487264.3522527, 1636487264.5756116, 1636487264.7969782, 1636487265.007547, 1636487265.208573, 1636487265.4150705, 1636487276.393213, 1636487276.5812218, 1636487276.7800097, 1636487276.977777, 1636487277.1877816, 