{"initial_reset_timestamp": 1636486768.911432, "timestamps": [1636486772.5261514, 1636486772.8198233, 1636486773.3295426, 1636486773.7898557, 1636486774.2442453, 1636486774.6788943, 1636486777.4948874, 1636486777.9401524, 1636486778.3643665, 1636486778.677693, 1636486779.100251, 1636486779.5559752, 1636486779.977196, 1636486783.1179655, 1636486784.6182308, 1636486786.0927124, 1636486787.5634222, 1636486788.668889, 1636486790.1142726, 1636486791.5770783, 1636486795.544723, 1636486797.042363, 1636486798.4945674, 1636486800.0260673, 1636486801.5554357, 1636486803.0383947, 1636486804.5659459, 1636486808.5535023, 1636486810.012804, 1636486811.4846148, 1636486812.9486623, 1636486814.4608629, 1636486815.9355505, 1636486819.8933609, 1636486821.3888414, 1636486822.8508081, 1636486824.3280008, 1636486825.8388124, 1636486827.4245796, 1636486828.9021337, 1636486832.8305025, 1636486834.368101, 1636486835.8744135, 1636486837.347379, 1636486838.8363793, 1636486840.3415375, 1636486841.8454702, 1636486845.8579814, 1636486847.3362901, 1636486848.8184216, 1636486850.2849286, 1636486851.8010087, 1636486853.2648368, 1636486857.2835896, 1636486858.7714016, 1636486860.2441204, 1636486861.723936, 1636486863.1973982, 1636486864.7067258, 1636486866.2170563, 1636486870.27289, 1636486871.7614155, 1636486873.242343, 1636486874.725603, 1636486876.2018738, 1636486877.663575, 1636486879.1136208, 1636486882.90727, 1636486884.4062116, 1636486885.9497066, 1636486887.4221752, 1636486888.8994257, 1636486890.401451, 1636486894.5048347, 1636486895.9978907, 1636486897.4720461, 1636486898.9331725, 1636486900.4751086, 1636486901.9608762, 1636486903.558188, 1636486907.3840597, 1636486908.881432, 1636486910.3656843, 1636486911.860267, 1636486913.344165, 1636486914.5089777, 1636486916.0074346, 1636486920.0682964, 1636486921.5745964, 1636486923.0553362, 1636486924.537417, 1636486926.0169477, 1636486927.4725363, 1636486928.9462004, 1636486933.0305827, 1636486934.527485, 1636486935.9919453, 1636486937.4454157, 1636486938.9212549, 1636486939.9882984, 1636486941.454445, 1636486945.3059402, 1636486946.7954683, 1636486948.262422, 1636486949.7411115, 1636486951.2354438, 1636486952.7329588, 1636486956.7020037, 1636486958.2091753, 1636486959.7010393, 1636486961.186312, 1636486962.6473145, 1636486964.1506863, 1636486965.661932, 1636486969.6665928, 1636486971.160938, 1636486972.6391053, 1636486974.116575, 1636486975.6323082, 1636486977.1000428, 1636486978.5937152, 1636486982.5692651, 1636486984.0523508, 1636486985.5473125, 1636486987.0221853, 1636486988.5217083, 1636486990.0220606, 1636486994.342653, 1636486995.841454, 1636486997.3332336, 1636486998.8435495, 1636487000.3466234, 1636487001.8733993, 1636487003.356999, 1636487007.4383297, 1636487008.9155507, 1636487010.3976057, 1636487011.8978446, 1636487013.401778, 1636487014.9129012, 1636487016.4142272, 1636487020.3969471, 1636487021.863827, 1636487023.3903198, 1636487024.895631, 1636487026.3673637, 1636487027.8373826, 1636487032.939201, 1636487034.4473639, 1636487035.9212961, 1636487037.3785455, 1636487038.8641193, 1636487040.3560736, 1636487041.8057055, 1636487046.0317419, 1636487047.4932215, 1636487048.9840248, 1636487050.4931028, 1636487051.9678895, 1636487053.4263132, 1636487054.9077995, 1636487059.6330607, 1636487061.0819871, 1636487062.5263534, 1636487064.026068, 1636487065.5430262, 1636487067.0114326, 1636487071.4115446, 1636487072.8797276, 1636487074.359933, 1636487075.8358653, 1636487077.316303, 1636487078.82134, 1636487080.290177, 1636487084.5167246, 1636487086.0167675, 1636487087.4961393, 1636487088.997031, 1636487090.4659998, 1636487091.966743, 1636487093.4704487, 1636487098.4208317, 1636487099.917691, 1636487101.3864655, 1636487102.89575, 1636487104.371962, 1636487105.863683, 1636487111.3001585, 1636487112.790681, 1636487114.2885394, 1636487115.7503765, 1636487117.2148242, 1636487118.7028997, 1636487120.1663635, 1636487125.9844913, 1636487127.4924214, 1636487128.9927354, 1636487130.4923458, 1636487132.012568, 1636487133.515568, 1636487135.013334, 1636487140.43224, 1636487141.8898613, 1636487143.3623211, 1636487144.8154242, 1636487146.2849555, 1636487147.7666223, 1636487152.6332204, 1636487154.1233819, 1636487155.6021361, 1636487157.0524187, 1636487158.5220737, 1636487159.9824054, 1636487161.4673257, 1636487166.3010845, 1636487167.811461, 1636487169.316478, 1636487170.8373773, 1636487172.2969866, 1636487173.754914, 1636487175.224481, 1636487179.3124702, 1636487180.77047, 1636487182.2259612, 1636487183.7429445, 1636487185.223896, 1636487186.7158747, 1636487190.7924361, 1636487192.277875, 1636487193.784565, 1636487195.2684462, 1636487196.7623785, 1636487198.2692022, 1636487199.7255201, 1636487203.792474, 1636487205.2475567, 1636487206.7034118, 1636487208.183157, 1636487209.6427035, 1636487211.1397085, 1636487212.598505, 1636487216.563761, 1636487218.0740097, 1636487219.5904498, 1636487221.1238232, 1636487222.638035, 1636487224.1304338, 1636487228.0438628, 1636487229.6236353, 1636487231.1633356, 1636487232.650707, 1636487234.145065, 1636487235.762061, 1636487237.2174182, 1636487241.1392312, 1636487242.6098123, 1636487244.097551, 1636487245.5840683, 1636487247.0847385, 1636487248.5573132, 1636487250.0191696, 1636487253.9874732, 1636487255.450499, 1636487256.9288914, 1636487258.422895, 1636487259.9143496, 1636487261.443733, 1636487265.480542, 1636487266.9673905, 1636487268.4533434, 1636487269.93978, 1636487271.4533293, 1636487272.9042442, 1636487274.3721063, 1636487278.211154, 1636487279.7107666, 1636487281.1708453, 1636487282.7067368, 1636487284.1740606, 1636487285.6370249, 1636487287.0745556, 1636487290.8988051, 1636487292.4122963, 1636487293.882395, 1636487295.4363065, 1636487296.9253917, 1636487298.3982859, 1636487302.3723092, 1636487303.846804, 1636487305.3114004, 1636487306.7920868, 1636487308.2604508, 1636487309.7590804, 1636487311.2353065, 1636487315.1424606, 1636487316.6082306, 1636487318.068681, 1636487319.5562723, 1636487321.04427, 1636487322.5361881, 1636487324.009338, 1636487327.8494213, 1636487329.33349, 1636487330.853317, 1636487332.3070252, 1636487333.765223, 1636487335.2352178, 1636487339.133376, 1636487340.583717, 1636487342.0537097, 1636487343.5382159, 1636487345.0243046, 1636487346.514865, 1636487347.9899657, 1636487351.7914555, 1636487353.306092, 1636487354.78608, 1636487356.2425418, 1636487357.710905, 1636487359.2005272, 1636487360.6984336, 1636487364.5672345, 1636487366.0252733, 1636487367.4850173, 1636487368.9273717, 1636487370.4182296, 1636487371.8810534, 1636487375.8886492, 1636487377.3692245, 1636487378.8574047, 1636487380.3226004, 1636487381.8111365, 1636487383.248339, 1636487384.7128155],