{"initial_reset_timestamp": 1636587519.811668, "timestamps": [1636587523.753762, 1636587524.0671778, 1636587524.3789368, 1636587524.8208163, 1636587525.2476122, 1636587525.674777, 1636587526.083572, 1636587528.7796361, 1636587529.2025971, 1636587529.6106722, 1636587530.0134766, 1636587530.4023108, 1636587530.7985926, 1636587533.7137806, 1636587535.1390648, 1636587536.5461864, 1636587537.979115, 1636587539.49662, 1636587540.9068415, 1636587542.261629, 1636587546.1323953, 1636587547.540069, 1636587548.9644797, 1636587550.3993387, 1636587551.8809779, 1636587553.5505545, 1636587554.9803355, 1636587558.9111533, 1636587560.0131183, 1636587561.5551534, 1636587563.17476, 1636587564.2804654, 1636587565.3568482, 1636587566.11472, 1636587567.541434, 1636587571.022538, 1636587572.4551897, 1636587573.6107686, 1636587575.2391531, 1636587576.6839113, 1636587578.3725727, 1636587579.7828882, 1636587583.7204936, 1636587585.3536866, 1636587586.8808897, 1636587588.3267028, 1636587589.7437518, 1636587591.1663709, 1636587594.9264827, 1636587596.4134095, 1636587597.885812, 1636587599.3054338, 1636587600.7826667, 1636587602.3652625, 1636587603.7991333, 1636587607.6415164, 1636587608.6669264, 1636587610.2175915, 1636587611.6367867, 1636587613.231617, 1636587614.6689672, 1636587616.2568276, 1636587620.227549, 1636587621.6555815, 1636587623.1171653, 1636587624.5537252, 1636587625.5780933, 1636587627.06218, 1636587628.4969513, 1636587632.6217587, 1636587634.0437167, 1636587635.5102549, 1636587636.9719322, 1636587638.4085412, 1636587639.8865955, 1636587641.3099442, 1636587645.4669795, 1636587646.8787134, 1636587648.5054064, 1636587649.9008622, 1636587651.4903028, 1636587652.9293764, 1636587654.587642, 1636587660.0855834, 1636587661.5146053, 1636587662.931829, 1636587664.4116185, 1636587665.854918, 1636587667.3455951, 1636587672.6400325, 1636587674.059846, 1636587675.4814594, 1636587676.9152765, 1636587678.3567111, 1636587679.9241812, 1636587681.3920176, 1636587687.09389, 1636587688.617027, 1636587690.0861542, 1636587691.6275911, 1636587693.2730324, 1636587694.7782228, 1636587696.3709383, 1636587702.237766, 1636587703.6458576, 1636587705.045376, 1636587706.4760818, 1636587707.8894932, 1636587709.4489446, 1636587715.2718449, 1636587716.865917, 1636587718.329086, 1636587719.7747548, 1636587721.3948724, 1636587722.8355477, 1636587724.2880778, 1636587730.0570924, 1636587731.478056, 1636587732.9425147, 1636587734.3785744, 1636587735.8353846, 1636587737.254941, 1636587738.6837044, 1636587744.8029244, 1636587746.26492, 1636587747.8147895, 1636587749.3176908, 1636587750.8251746, 1636587752.2754395, 1636587758.2883341, 1636587759.8805096, 1636587761.3334978, 1636587762.8270333, 1636587764.3392916, 1636587765.7503753, 1636587767.1650825, 1636587773.4376926, 1636587774.82957, 1636587776.2459044, 1636587777.6748629, 1636587779.2048748, 1636587780.6518714, 1636587782.134927, 1636587788.0229115, 1636587789.688271, 1636587791.1196358, 1636587792.5829241, 1636587794.1733701, 1636587795.581419, 1636587802.1413693, 1636587803.6731615, 1636587805.1296818, 1636587806.668441, 1636587808.1669958, 1636587809.5860727, 1636587811.0121214, 1636587817.550385, 1636587819.0945148, 1636587820.5088809, 1636587821.9563377, 1636587823.5408359, 1636587825.095871, 1636587826.5499027, 1636587833.0479171, 1636587834.4421024, 1636587835.8751867, 1636587837.4350758, 1636587838.9048846, 1636587840.3304002, 1636587846.7271488, 1636587848.1957417, 1636587849.612539, 1636587851.0720465, 1636587852.522261, 1636587854.1107318, 1636587855.7111537, 1636587862.783023, 1636587864.2609203, 1636587865.7679875, 1636587867.256168, 1636587868.7178786, 1636587870.1692545, 1636587871.6513412, 1636587878.56418, 1636587880.11167, 1636587881.7089386, 1636587883.3048975, 1636587884.7060976, 1636587886.395142, 1636587893.3605347, 1636587894.8590362, 1636587896.3501904, 1636587897.846494, 1636587899.271935, 1636587900.8008235, 1636587902.337779, 1636587909.2946768, 1636587910.7517164, 1636587912.2623339, 1636587913.6798503, 1636587915.1395185, 1636587916.6721041, 1636587918.1265326, 1636587924.6712663, 1636587926.1667259, 1636587927.6391456, 1636587929.2014825, 1636587930.594913, 1636587932.0701845, 1636587939.0051935, 1636587940.462286, 1636587941.9716282, 1636587943.3923087, 1636587944.7868655, 1636587946.2490525, 1636587947.6590989, 1636587954.7159224, 1636587956.20218, 1636587957.846375, 1636587959.3770761, 1636587960.8274252, 1636587962.4478254, 1636587963.874759, 1636587970.663258, 1636587972.2847815, 1636587973.7181938, 1636587975.1709924, 1636587976.7802358, 1636587978.2669408, 1636587984.8036332, 1636587986.3699439, 1636587987.8145313, 1636587989.2462394, 1636587990.8247926, 1636587992.289719, 1636587993.7179933, 1636588000.08715, 1636588001.5029469, 1636588002.9428382, 1636588004.5381444, 1636588006.1473782, 1636588007.5933793, 1636588009.0313888, 1636588015.8228304, 1636588017.4521894, 1636588018.8775632, 1636588020.4590135, 1636588021.9474726, 1636588023.513067, 1636588029.9878702, 1636588031.4611716, 1636588032.9753788, 1636588034.5282967, 1636588036.0161734, 1636588037.4736676, 1636588038.8965428, 1636588045.1231945, 1636588046.6937, 1636588048.1622057, 1636588049.6056266, 1636588051.189351, 1636588052.6028554, 1636588054.21153, 1636588061.34753, 1636588062.8112087, 1636588064.2478652, 1636588065.660442, 1636588067.2670846, 1636588068.6637156, 1636588075.6516442, 1636588077.1226792, 1636588078.59008, 1636588080.0782192, 1636588081.6853533, 1636588083.29328, 1636588084.8338554, 1636588091.8883517, 1636588093.3708222, 1636588094.7980928, 1636588096.2430093, 1636588097.8123384, 1636588099.506867, 1636588100.9574358, 1636588107.8793824, 1636588109.31288, 1636588110.7205658, 1636588112.1779397, 1636588113.6137497, 1636588115.071063, 1636588122.0225594, 1636588123.4890838, 1636588125.0307803, 1636588126.5818434, 1636588128.2399678, 1636588129.8891115, 1636588131.316313, 1636588137.7112176, 1636588139.1235783, 1636588140.7402697, 1636588142.2026901, 1636588143.8012192, 1636588145.2951496, 1636588146.8011072, 1636588153.5126219, 1636588155.1391623, 1636588156.5849204, 1636588158.0317435, 1636588159.5162518, 1636588160.9738889, 1636588167.6514869, 1636588169.146128, 1636588170.6132245, 1636588172.1141212, 1636588173.5423295, 1636588174.9487438, 1636588176.4027426, 1636588183.4681716, 1636588184.9055858, 1636588186.5225441, 1636588187.9942982, 1636588189.4831533, 1636588190.9334211, 1636588192.4286718, 1636588199.6540346, 1636588201.0745533, 1636588202.528285, 1636588203.9983244, 1636588205.6024675, 1636588207.1130965, 1636588213.916783, 1636588215.3518703, 1636588216.9357712, 1636588218.4659636, 1636588220.0128922, 1636588221.5716667, 1636588223.0588455],