{"initial_reset_timestamp": 1636486485.613341, "timestamps": [1636486489.2101903, 1636486489.5191395, 1636486490.0105293, 1636486490.4809623, 1636486490.9219534, 1636486491.3532455, 1636486494.1883533, 1636486494.6149063, 1636486495.0449064, 1636486495.4579322, 1636486495.8809214, 1636486496.3046718, 1636486496.7216463, 1636486500.1990561, 1636486501.648827, 1636486503.0834904, 1636486504.5584512, 1636486506.0137162, 1636486507.4811623, 1636486508.951632, 1636486512.8517299, 1636486514.2883716, 1636486515.717702, 1636486517.215026, 1636486518.6868882, 1636486520.1207216, 1636486524.0169322, 1636486525.546747, 1636486526.9916072, 1636486528.4379985, 1636486529.8725138, 1636486531.3216598, 1636486532.8167949, 1636486536.5738573, 1636486538.0550354, 1636486539.486336, 1636486540.9228578, 1636486542.3985698, 1636486543.9076211, 1636486545.3405025, 1636486549.2281587, 1636486550.68729, 1636486552.113472, 1636486553.5316718, 1636486554.9827797, 1636486556.4539156, 1636486560.483628, 1636486561.9882832, 1636486563.4675038, 1636486564.9208207, 1636486566.3965344, 1636486567.8613932, 1636486569.3029535, 1636486573.2062914, 1636486574.7119823, 1636486576.194733, 1636486577.6810563, 1636486578.8819776, 1636486580.3484817, 1636486581.8173225, 1636486585.9423559, 1636486587.4208076, 1636486588.9666486, 1636486590.4331381, 1636486591.9163048, 1636486593.4311347, 1636486597.2057476, 1636486598.6613617, 1636486600.0775478, 1636486600.8868537, 1636486602.4264636, 1636486603.8991983, 1636486605.3392594, 1636486606.7816958, 1636486610.7887282, 1636486612.2555285, 1636486613.7143178, 1636486615.204681, 1636486616.6899238, 1636486618.2017431, 1636486622.2211256, 1636486623.0874019, 1636486624.5282214, 1636486626.0287192, 1636486627.487587, 1636486628.9460473, 1636486629.9458845, 1636486631.4118686, 1636486635.4047801, 1636486636.850018, 1636486638.3006313, 1636486639.766928, 1636486641.2612643, 1636486642.7581542, 1636486646.7883654, 1636486648.280619, 1636486649.7554994, 1636486651.266121, 1636486652.46967, 1636486653.922048, 1636486655.35585, 1636486659.181749, 1636486660.6506562, 1636486662.0994565, 1636486663.5736225, 1636486665.023886, 1636486666.4622881, 1636486667.9331403, 1636486671.8462827, 1636486672.720147, 1636486674.180646, 1636486675.629618, 1636486677.0645301, 1636486678.6278932, 1636486680.1004808, 1636486684.0371072, 1636486684.8808646, 1636486686.3258839, 1636486687.3964663, 1636486688.8456306, 1636486690.3159554, 1636486691.7679696, 1636486695.748523, 1636486697.2142973, 1636486698.6663501, 1636486700.1506917, 1636486701.6413527, 1636486703.090399, 1636486704.5293229, 1636486708.577949, 1636486710.0156438, 1636486711.5141568, 1636486713.0298994, 1636486714.5146537, 1636486715.9784837, 1636486717.443625, 1636486721.3111846, 1636486722.1487641, 1636486723.6090362, 1636486725.024594, 1636486726.45992, 1636486727.907273, 1636486729.3568602, 1636486733.327743, 1636486734.7818658, 1636486736.2402704, 1636486737.6913893, 1636486739.126712, 1636486740.5696962, 1636486742.0459363, 1636486745.934727, 1636486747.4206796, 1636486748.902032, 1636486750.3460805, 1636486751.8378127, 1636486753.3668933, 1636486757.3250499, 1636486758.8025239, 1636486760.2415688, 1636486761.6904237, 1636486763.1515083, 1636486764.6035578, 1636486766.0398295, 1636486769.9746907, 1636486771.4279888, 1636486772.8834658, 1636486774.350599, 1636486775.7862191, 1636486777.2336981, 1636486778.7006059, 1636486782.5587835, 1636486784.0068371, 1636486785.436816, 1636486786.8908467, 1636486788.3506367, 1636486789.7860856, 1636486793.5958521, 1636486795.0117319, 1636486796.450178, 1636486797.879359, 1636486799.3186908, 1636486800.7531168, 1636486802.2298365, 1636486806.3036613, 1636486807.8031201, 1636486809.2926054, 1636486810.7377481, 1636486812.1956515, 1636486813.6942785, 1636486815.1266189, 1636486819.1319878, 1636486820.5521166, 1636486822.0058076, 1636486823.446018, 1636486824.901141, 1636486826.361626, 1636486830.3715243, 1636486831.824832, 1636486833.2625997, 1636486834.711796, 1636486836.1641738, 1636486837.666823, 1636486839.13658, 1636486843.1671212, 1636486844.6306689, 1636486846.0933638, 1636486847.6031032, 1636486849.0422876, 1636486850.4974866, 1636486851.9409397, 1636486855.898807, 1636486857.3427377, 1636486858.7662358, 1636486860.1989062, 1636486861.6551926, 1636486863.1446936, 1636486867.157541, 1636486868.605802, 1636486870.0397723, 1636486871.5529528, 1636486873.0530422, 1636486874.5164661, 1636486876.011126, 1636486880.093375, 1636486881.6223257, 1636486883.069799, 1636486884.5366547, 1636486885.9804356, 1636486887.4358885, 1636486888.8738568, 1636486892.794239, 1636486894.2401974, 1636486895.6926997, 1636486897.190891, 1636486898.6989634, 1636486900.2212684, 1636486904.1269186, 1636486905.5850914, 1636486907.0331953, 1636486908.4644074, 1636486909.908345, 1636486911.3756902, 1636486912.8850207, 1636486916.848764, 1636486918.3227377, 1636486919.787305, 1636486921.2566433, 1636486922.7459028, 1636486924.1878247, 1636486925.659404, 1636486929.6928642, 1636486931.176561, 1636486932.62265, 1636486934.0432768, 1636486935.5093632, 1636486936.9675775, 1636486941.022578, 1636486942.4651136, 1636486943.8791802, 1636486945.3319404, 1636486946.8398745, 1636486948.3011637, 1636486949.7496483, 1636486953.597618, 1636486955.033727, 1636486956.5534139, 1636486958.0359666, 1636486959.5004995, 1636486960.953471, 1636486962.3834963, 1636486966.1304379, 1636486967.5782, 1636486969.0286667, 1636486970.458104, 1636486971.9420066, 1636486973.4728794, 1636486977.3240986, 1636486978.8144631, 1636486980.249594, 1636486981.7116554, 1636486983.1904523, 1636486984.631935, 1636486986.068807, 1636486990.3216407, 1636486991.7679594, 1636486993.215211, 1636486994.6608636, 1636486996.1417186, 1636486997.6151319, 1636486999.0693371, 1636487003.084024, 1636487004.549491, 1636487006.040183, 1636487007.499686, 1636487008.9651077, 1636487010.4300716, 1636487014.3991103, 1636487015.80246, 1636487017.2407384, 1636487018.6743388, 1636487020.1020086, 1636487021.5466812, 1636487023.0130785, 1636487026.9534714, 1636487028.4893522, 1636487029.938564, 1636487031.4005315, 1636487032.8730142, 1636487034.3082974, 1636487035.7622638, 1636487039.7093408, 1636487041.1691122, 1636487042.6248658, 1636487044.1122105, 1636487045.5747225, 1636487047.0076356, 1636487051.0511665, 1636487052.5346346, 1636487054.0232804, 1636487055.4968848, 1636487056.9747205, 1636487058.4664333, 1636487059.9022038, 1636487063.8848803, 1636487065.3345673, 1636487066.8034604, 1636487068.2586627, 1636487069.7534003, 1636487071.2504406, 1636487072.719247, 1636487076.7279603, 1636487078.2142117, 1636487079.6735227, 1636487081.1333349, 1636487082.6068869, 1636487084.076419],