{"initial_reset_timestamp": 1636486487.733699, "timestamps": [1636486487.928115, 1636486488.1235929, 1636486488.3207977, 1636486488.5274231, 1636486488.7209513, 1636486488.9166367, 1636486489.1289122, 1636486492.884771, 1636486493.0813074, 1636486493.2807608, 1636486493.489382, 1636486493.6833673, 1636486493.874024, 1636486494.0670369, 1636486498.0775692, 1636486498.2757246, 1636486498.4801412, 1636486498.691656, 1636486498.878915, 1636486499.0736275, 1636486499.2663634, 1636486510.1680722, 1636486510.3629136, 1636486510.6630218, 1636486510.8669512, 1636486511.0632915, 1636486511.2648625, 1636486511.4790888, 1636486522.2242844, 1636486522.436936, 1636486522.650643, 1636486522.8649113, 1636486523.0913239, 1636486523.323762, 1636486523.5597708, 1636486534.4404933, 1636486534.6531096, 1636486534.8536131, 1636486535.0585747, 1636486535.2497714, 1636486535.4458747, 1636486535.649095, 1636486546.550869, 1636486546.7743447, 1636486546.9716399, 1636486547.1838307, 1636486547.3797817, 1636486547.599724, 1636486547.8189824, 1636486558.6809144, 1636486558.9052424, 1636486559.1360338, 1636486559.373953, 1636486559.5844865, 1636486559.7954245, 1636486560.0120583, 1636486571.0424812, 1636486571.2360744, 1636486571.4534435, 1636486571.6745465, 1636486571.884334, 1636486572.084664, 1636486572.2872217, 1636486583.4136808, 1636486583.6424925, 1636486583.9327059, 1636486584.1744356, 1636486584.3998196, 1636486584.6265051, 1636486584.852031, 1636486595.84681, 1636486596.0473244, 1636486596.2655103, 1636486596.463482, 1636486596.6711285, 1636486596.86215, 1636486597.0563118, 1636486608.183791, 1636486608.4103203, 1636486608.621676, 1636486608.8443542, 1636486609.0710876, 1636486609.3014133, 1636486609.518159, 1636486620.5213711, 1636486620.7440674, 1636486620.9843943, 1636486621.2157953, 1636486621.43725, 1636486621.655368, 1636486621.8737526, 1636486632.9668558, 1636486633.206573, 1636486633.4194975, 1636486633.635404, 1636486633.860243, 1636486634.0843186, 1636486634.3092382, 1636486645.123259, 1636486645.4319053, 1636486645.6509242, 1636486645.8932889, 1636486646.1263998, 1636486646.366082, 1636486646.5975406, 1636486657.578732, 1636486657.7723868, 1636486657.9731796, 1636486658.177434, 1636486658.4826298, 1636486658.6749015, 1636486658.8730416, 1636486669.7367, 1636486669.9610498, 1636486670.1770055, 1636486670.3991644, 1636486670.6193264, 1636486670.8647194, 1636486671.0787234, 1636486682.0443995, 1636486682.269631, 1636486682.5009568, 1636486682.715006, 1636486682.935221, 1636486683.148909, 1636486683.382907, 1636486694.3343356, 1636486694.568258, 1636486694.7841165, 1636486695.009491, 1636486695.226023, 1636486695.455725, 1636486695.6580064, 1636486706.6679924, 1636486706.8851235, 1636486707.1133468, 1636486707.3412716, 1636486707.5749993, 1636486707.8037987, 1636486708.0292468, 1636486719.0472524, 1636486719.2475293, 1636486719.4689422, 1636486719.6776743, 1636486719.8839238, 1636486720.0992517, 1636486720.3170192, 1636486731.089166, 1636486731.3139944, 1636486731.5533414, 1636486731.757742, 1636486732.0485563, 1636486732.2623863, 1636486732.497276, 1636486743.3158329, 1636486743.5351677, 1636486743.7430112, 1636486743.9553907, 1636486744.171158, 1636486744.3952484, 1636486744.6260118, 1636486755.5458627, 1636486755.7945879, 1636486756.0344296, 1636486756.2516077, 1636486756.4784143, 1636486756.703727, 1636486756.9311974, 1636486767.8170779, 1636486768.03676, 1636486768.2528255, 1636486768.472688, 1636486768.6829438, 1636486768.914277, 1636486769.1336858, 1636486780.023904, 1636486780.2229846, 1636486780.4307039, 1636486780.631901, 1636486780.8511992, 1636486781.0605583, 1636486781.2758536, 1636486791.9356415, 1636486792.1263127, 1636486792.4110591, 1636486792.6051948, 1636486792.8055723, 1636486792.993459, 1636486793.1905696, 1636486804.005353, 1636486804.2348824, 1636486804.4515536, 1636486804.6736455, 1636486804.8975484, 1636486805.1000185, 1636486805.426606, 1636486816.4890106, 1636486816.7090585, 1636486816.9237266, 1636486817.1404414, 1636486817.368623, 1636486817.6001725, 1636486817.8236306, 1636486828.636479, 1636486828.8655906, 1636486829.086143, 1636486829.3064313, 1636486829.5397902, 1636486829.7628732, 1636486829.9752223, 1636486840.9698386, 1636486841.2117507, 1636486841.4379313, 1636486841.6573777, 1636486841.8840435, 1636486842.1016316, 1636486842.316868, 1636486853.2704902, 1636486853.4952102, 1636486853.724255, 1636486853.9383688, 1636486854.1624906, 1636486854.3928163, 1636486854.6104279, 1636486865.268549, 1636486865.4907975, 1636486865.7060833, 1636486865.9314919, 1636486866.1966636, 1636486866.5116067, 1636486866.7399454, 1636486877.6926863, 1636486877.905275, 1636486878.1314964, 1636486878.352839, 1636486878.5692713, 1636486878.7655954, 1636486878.9794097, 1636486879.2303524, 1636486890.1345677, 1636486890.3538518, 1636486890.5698981, 1636486890.787769, 1636486891.0214577, 1636486891.238203, 1636486891.4639919, 1636486902.369663, 1636486902.5966873, 1636486902.8190002, 1636486903.0254335, 1636486903.2360482, 1636486903.4726818, 1636486903.7233782, 1636486914.6880746, 1636486914.9147787, 1636486915.1262846, 1636486915.3375423, 1636486915.565422, 1636486915.773773, 1636486916.0013282, 1636486927.0125008, 1636486927.2380958, 1636486927.454877, 1636486927.674834, 1636486927.8918982, 1636486928.1163363, 1636486928.3433378, 1636486939.2076569, 1636486939.4350457, 1636486939.653169, 1636486939.8778949, 1636486940.1760113, 1636486940.4027042, 1636486940.634168, 1636486951.4491346, 1636486951.664171, 1636486951.8793163, 1636486952.0938218, 1636486952.3055358, 1636486952.5372436, 1636486952.7546382, 1636486963.6222608, 1636486963.819526, 1636486964.0248487, 1636486964.2149594, 1636486964.4191434, 1636486964.632612, 1636486964.8367965, 1636486975.6128054, 1636486975.8289263, 1636486976.0599353, 1636486976.2682552, 1636486976.4923148, 1636486976.7080753, 1636486976.9205544, 1636486987.9407804, 1636486988.1613967, 1636486988.3777463, 1636486988.5422492, 1636486988.76166, 1636486988.9901705, 1636486989.2404413, 1636486989.4642403, 1636487000.4673462, 1636487000.680349, 1636487000.8947196, 1636487001.1156006, 1636487001.340347, 1636487001.5564144, 1636487001.770208, 1636487012.627333, 1636487012.8408222, 1636487013.0586648, 1636487013.3546455, 1636487013.5720394, 1636487013.7759633, 1636487013.9903007, 1636487024.7472408, 1636487024.9737947, 1636487025.1905367, 1636487025.4122365, 1636487025.6307182, 1636487025.8466687, 1636487026.0852094, 1636487037.0508654, 1636487037.272757, 1636487037.4990084, 1636487037.7181175, 1636487037.956492, 1636487038.1864555, 1636487038.4098666, 1636487049.30065, 1636487049.5216515, 1636487049.7363873, 1636487049.955039, 1636487050.1796787, 1636487050.4031813, 1636487050.645444, 1636487061.7133746, 1636487061.9477017, 1636487062.1704507, 1636487062.385802, 1636487062.5969326, 1636487062.834211, 1636487063.0434217, 1636487073.984398, 1636487074.2862973, 1636487074.5067458, 1636487074.7311306, 1636487074.9618967, 1636487075.17778, 1636487075.392646],