{"initial_reset_timestamp": 1636487942.545762, "timestamps": [1636487946.1935618, 1636487946.486365, 1636487946.9530354, 1636487947.3886435, 1636487947.79342, 1636487948.1950917, 1636487948.476688, 1636487951.133741, 1636487951.53669, 1636487951.9425926, 1636487952.3495061, 1636487952.7418573, 1636487953.1357584, 1636487955.9464362, 1636487957.411631, 1636487958.8240585, 1636487960.2337239, 1636487961.6540084, 1636487963.0649004, 1636487964.502741, 1636487968.3868477, 1636487969.8078735, 1636487971.2560441, 1636487972.7187357, 1636487974.157488, 1636487975.6011028, 1636487977.0330362, 1636487980.8172927, 1636487982.2582152, 1636487983.6852827, 1636487985.1082118, 1636487986.575496, 1636487988.0282114, 1636487991.7757733, 1636487992.8910906, 1636487994.3548498, 1636487995.7700453, 1636487997.2190907, 1636487998.7758055, 1636488000.220817, 1636488004.0120935, 1636488005.467653, 1636488006.9086392, 1636488008.364993, 1636488009.8295321, 1636488011.2853851, 1636488012.7504833, 1636488016.5369222, 1636488017.9850297, 1636488019.4450905, 1636488020.8873503, 1636488022.3633058, 1636488023.8202243, 1636488025.2587817, 1636488029.1647825, 1636488030.629487, 1636488032.0764294, 1636488033.5320106, 1636488034.9781559, 1636488036.4283226, 1636488040.5206816, 1636488041.9561512, 1636488043.3954444, 1636488044.839722, 1636488046.2834954, 1636488047.750704, 1636488049.1870558, 1636488053.476318, 1636488054.9140015, 1636488056.3416653, 1636488057.7984731, 1636488059.2335837, 1636488060.668086, 1636488062.1955435, 1636488065.9505339, 1636488067.3924792, 1636488068.8311255, 1636488070.2992353, 1636488071.7355528, 1636488073.1773982, 1636488076.87422, 1636488078.3270955, 1636488079.7705114, 1636488081.2144494, 1636488082.7627325, 1636488084.2024393, 1636488085.6384127, 1636488089.4014685, 1636488090.8142078, 1636488092.2946563, 1636488093.7602355, 1636488095.2301373, 1636488096.702644, 1636488098.1684246, 1636488102.0073133, 1636488103.4810944, 1636488104.9110153, 1636488106.3773468, 1636488107.8212419, 1636488109.2696898, 1636488113.1031022, 1636488114.5783641, 1636488115.3559966, 1636488116.066658, 1636488117.5100336, 1636488118.9686532, 1636488120.4087713, 1636488121.8449671, 1636488125.6131198, 1636488127.0452652, 1636488128.4615197, 1636488129.9114146, 1636488131.3789456, 1636488132.8132453, 1636488134.2688677, 1636488138.042136, 1636488139.463364, 1636488140.9261837, 1636488142.349077, 1636488143.7955487, 1636488145.2452419, 1636488149.2285373, 1636488150.6816607, 1636488152.110008, 1636488153.5398245, 1636488154.9835992, 1636488156.4516404, 1636488157.9133596, 1636488162.2645066, 1636488163.7745123, 1636488165.2625864, 1636488166.675319, 1636488168.1379352, 1636488169.6116388, 1636488171.04966, 1636488174.926075, 1636488176.3843124, 1636488177.8292825, 1636488179.2749388, 1636488180.7988656, 1636488182.274463, 1636488186.3459816, 1636488187.7669396, 1636488189.1941395, 1636488190.6272504, 1636488192.0596704, 1636488193.5168061, 1636488195.0186813, 1636488199.2855272, 1636488200.7132218, 1636488202.1783714, 1636488203.631107, 1636488205.198087, 1636488206.6233206, 1636488208.0520384, 1636488211.995359, 1636488213.4540136, 1636488214.8871472, 1636488216.3034954, 1636488217.727845, 1636488219.1857033, 1636488223.0439334, 1636488224.467371, 1636488225.8950658, 1636488227.3462293, 1636488228.7967508, 1636488230.2650814, 1636488231.6793683, 1636488235.5913584, 1636488237.0385072, 1636488238.4932013, 1636488239.9078908, 1636488241.3344095, 1636488242.753381, 1636488244.2682905, 1636488248.0214832, 1636488249.4645488, 1636488250.8829443, 1636488252.32853, 1636488253.7811253, 1636488255.2179768, 1636488259.1059031, 1636488260.54167, 1636488261.9860747, 1636488263.45756, 1636488264.9112456, 1636488266.4055636, 1636488267.8324857, 1636488271.7915087, 1636488273.2140062, 1636488274.6782072, 1636488276.0939481, 1636488277.5320282, 1636488278.9880543, 1636488280.4299505, 1636488284.1070662, 1636488285.5662978, 1636488287.0044446, 1636488288.522609, 1636488289.952105, 1636488291.3923006, 1636488295.1882524, 1636488296.6401079, 1636488298.0763514, 1636488299.5238476, 1636488300.9445293, 1636488302.3971388, 1636488303.8365598, 1636488307.8922725, 1636488309.340158, 1636488310.7632391, 1636488312.234324, 1636488313.662854, 1636488315.0989912, 1636488316.5447962, 1636488320.4668167, 1636488321.8904786, 1636488323.312764, 1636488324.7852979, 1636488326.236052, 1636488327.6726415, 1636488331.9617872, 1636488333.3942807, 1636488334.8265734, 1636488336.2997715, 1636488337.742818, 1636488339.1986225, 1636488340.637333, 1636488344.4299765, 1636488345.883286, 1636488347.3508098, 1636488348.7911735, 1636488350.2451947, 1636488351.6621497, 1636488353.0864816, 1636488358.3665748, 1636488359.7911997, 1636488361.2417243, 1636488362.7131236, 1636488364.156061, 1636488365.595847, 1636488371.1889615, 1636488372.7083268, 1636488374.1532078, 1636488375.596502, 1636488377.0475347, 1636488378.4979374, 1636488379.932283, 1636488384.2815921, 1636488385.708127, 1636488387.150907, 1636488388.628684, 1636488390.1058028, 1636488391.5523834, 1636488392.9844012, 1636488396.8279634, 1636488398.296852, 1636488399.7534673, 1636488401.197023, 1636488402.626757, 1636488404.0943985, 1636488407.900367, 1636488409.353317, 1636488410.7815623, 1636488412.2258475, 1636488413.7072241, 1636488415.1488757, 1636488416.5832906, 1636488420.4204335, 1636488421.853699, 1636488423.3017647, 1636488424.7280724, 1636488426.1788807, 1636488427.6410375, 1636488429.1026905, 1636488432.9213104, 1636488434.4077559, 1636488435.8540683, 1636488437.30041, 1636488438.7313, 1636488440.185712, 1636488444.0392032, 1636488445.4995222, 1636488446.9540913, 1636488448.4015412, 1636488449.8495605, 1636488451.318947, 1636488452.7773597, 1636488458.2317579, 1636488459.6588464, 1636488461.1318073, 1636488462.5655234, 1636488464.0296123, 1636488465.4791327, 1636488466.9566982, 1636488472.5144906, 1636488473.9723706, 1636488475.451409, 1636488476.900226, 1636488478.4023435, 1636488479.8609955, 1636488485.4756045, 1636488486.9591687, 1636488488.4323792, 1636488489.895706, 1636488491.3404472, 1636488492.7925673, 1636488494.253656, 1636488499.7143013, 1636488501.1964312, 1636488502.6618996, 1636488504.120525, 1636488505.5646133, 1636488507.0026639, 1636488508.4609866, 1636488513.8590276, 1636488515.2891624, 1636488516.7262444, 1636488518.1748588, 1636488519.637079, 1636488521.0777845, 1636488526.5493052, 1636488528.0466325, 1636488529.4874816, 1636488530.9204671, 1636488532.402755, 1636488533.8664744, 1636488535.3003337, 1636488540.7667706, 1636488542.2051494, 1636488543.7461374, 1636488545.1880608, 1636488546.6246054, 1636488548.0619016, 1636488549.5271363],