{"initial_reset_timestamp": 1636587311.958753, "timestamps": [1636587316.0400343, 1636587316.3960242, 1636587316.940681, 1636587317.4424071, 1636587317.9391387, 1636587318.4235408, 1636587321.6689188, 1636587322.1626155, 1636587322.6557777, 1636587323.1336565, 1636587323.5992455, 1636587324.0822222, 1636587324.5476441, 1636587328.405566, 1636587329.910934, 1636587331.3833132, 1636587332.8749003, 1636587334.387946, 1636587335.888, 1636587337.3980958, 1636587341.625288, 1636587343.152719, 1636587344.656589, 1636587346.1708868, 1636587347.6818004, 1636587349.2087457, 1636587353.5569315, 1636587355.230133, 1636587356.7299144, 1636587358.2508578, 1636587359.7444618, 1636587361.2367218, 1636587362.7245214, 1636587366.9384434, 1636587368.4337258, 1636587369.9370744, 1636587371.4716277, 1636587372.9743006, 1636587374.4853659, 1636587376.0368485, 1636587380.3760636, 1636587381.8830438, 1636587383.4080145, 1636587384.9041662, 1636587386.4469154, 1636587387.9724782, 1636587392.2685964, 1636587393.77433, 1636587395.277454, 1636587396.879299, 1636587398.3773236, 1636587399.919444, 1636587401.4460511, 1636587405.749251, 1636587407.2545133, 1636587408.7355452, 1636587410.2753637, 1636587411.8002388, 1636587413.3096447, 1636587414.8192074, 1636587419.1888962, 1636587420.6925263, 1636587422.2110257, 1636587423.703849, 1636587425.246824, 1636587426.7459247, 1636587431.0019245, 1636587432.4959176, 1636587433.9765697, 1636587435.4752007, 1636587436.968092, 1636587438.4657993, 1636587439.9670386, 1636587444.30883, 1636587445.8075252, 1636587447.3121626, 1636587448.854344, 1636587450.3668354, 1636587451.8607268, 1636587453.3719082, 1636587457.6397607, 1636587459.1365669, 1636587460.6432796, 1636587462.1667547, 1636587463.6639462, 1636587465.1757922, 1636587469.4625735, 1636587470.9795573, 1636587472.4750974, 1636587473.9782286, 1636587475.474961, 1636587476.9919353, 1636587478.5477889, 1636587482.918126, 1636587484.4183803, 1636587485.9218988, 1636587487.4397433, 1636587488.9422905, 1636587490.467749, 1636587491.980132, 1636587496.283658, 1636587497.7996118, 1636587499.3150961, 1636587500.8477066, 1636587502.3608975, 1636587503.8882399, 1636587508.1312675, 1636587509.6230083, 1636587511.1633713, 1636587512.775547, 1636587514.328748, 1636587515.8648858, 1636587517.3913965, 1636587521.6806164, 1636587523.1944282, 1636587524.7168732, 1636587526.2416153, 1636587527.7645144, 1636587529.260292, 1636587530.7702484, 1636587535.040326, 1636587536.540316, 1636587538.0320182, 1636587539.5429735, 1636587541.0300353, 1636587542.5177815, 1636587546.9064882, 1636587548.421652, 1636587549.943455, 1636587551.4713066, 1636587552.9748344, 1636587554.4749968, 1636587555.992666, 1636587560.3182201, 1636587561.8191438, 1636587563.3475525, 1636587564.8552215, 1636587566.406434, 1636587567.920702, 1636587569.4313338, 1636587573.6841087, 1636587575.20778, 1636587576.724633, 1636587578.23782, 1636587579.750194, 1636587581.313662, 1636587585.8405778, 1636587587.430983, 1636587588.9440103, 1636587590.4735632, 1636587591.992824, 1636587593.5162375, 1636587595.05913, 1636587599.3298311, 1636587600.860253, 1636587602.3713658, 1636587603.861971, 1636587605.3950624, 1636587606.9083545, 1636587608.4079747, 1636587612.6492152, 1636587614.2835097, 1636587615.8240492, 1636587617.3179805, 1636587618.81962, 1636587620.3796165, 1636587624.6204126, 1636587626.122264, 1636587627.6618035, 1636587629.1654723, 1636587630.7059052, 1636587632.2122903, 1636587633.732022, 1636587637.9567013, 1636587639.4645796, 1636587640.9960144, 1636587642.4886885, 1636587644.0025203, 1636587645.5065305, 1636587647.0860565, 1636587651.4743907, 1636587653.0136995, 1636587654.5446708, 1636587656.0700817, 1636587657.5721798, 1636587659.0979943, 1636587663.3936872, 1636587664.9008992, 1636587666.4786525, 1636587668.028731, 1636587669.5813508, 1636587671.1285508, 1636587672.6204967, 1636587676.8393636, 1636587678.3591006, 1636587679.9501557, 1636587681.4815695, 1636587682.9855435, 1636587684.4986482, 1636587686.001274, 1636587690.3573568, 1636587691.895158, 1636587693.3982732, 1636587694.9358246, 1636587696.4573538, 1636587697.9575431, 1636587702.1891246, 1636587703.7252035, 1636587705.248097, 1636587706.7753022, 1636587708.2766402, 1636587709.7817953, 1636587711.3225622, 1636587715.6364303, 1636587717.1677854, 1636587718.6532104, 1636587720.20397, 1636587721.713825, 1636587723.2208788, 1636587724.7157304, 1636587729.1329732, 1636587730.6501684, 1636587732.1828117, 1636587733.6812367, 1636587735.202643, 1636587736.7387378, 1636587741.0475547, 1636587742.5600624, 1636587744.0892987, 1636587745.6408112, 1636587747.1594548, 1636587748.700146, 1636587750.2166686, 1636587754.46174, 1636587755.9520576, 1636587757.4687905, 1636587758.9625213, 1636587760.4915714, 1636587762.0001924, 1636587763.4981232, 1636587767.9882529, 1636587769.5212457, 1636587771.0478213, 1636587772.5573974, 1636587774.0852466, 1636587775.602613, 1636587779.9838474, 1636587781.4743385, 1636587783.0084987, 1636587784.5015242, 1636587786.0520704, 1636587787.5569227, 1636587789.0685458, 1636587793.386657, 1636587794.883131, 1636587796.3971088, 1636587797.8892267, 1636587799.3911815, 1636587800.9035382, 1636587802.3957095, 1636587806.7464395, 1636587808.2770913, 1636587809.7930303, 1636587811.3127952, 1636587812.398556, 1636587813.8980494, 1636587815.412267, 1636587819.6936026, 1636587821.264252, 1636587822.7890666, 1636587824.3173668, 1636587825.8669944, 1636587827.445368, 1636587831.8123767, 1636587833.2971146, 1636587834.8412216, 1636587836.355028, 1636587837.8650446, 1636587839.3507192, 1636587840.840612, 1636587845.2831857, 1636587846.8452592, 1636587848.3482842, 1636587849.8560376, 1636587851.3855217, 1636587852.9313111, 1636587854.428237, 1636587858.787698, 1636587860.3185022, 1636587861.838817, 1636587863.3453412, 1636587864.885767, 1636587866.4266546, 1636587870.6341257, 1636587872.1368551, 1636587873.644658, 1636587875.1603625, 1636587876.6563966, 1636587878.209921, 1636587879.7100816, 1636587884.1013246, 1636587885.5958505, 1636587887.1528418, 1636587888.6506371, 1636587890.1948304, 1636587891.7231975, 1636587893.2238212, 1636587897.5146947, 1636587899.0316384, 1636587900.5432563, 1636587902.0623364, 1636587903.5623608, 1636587905.0783796, 1636587909.4041839, 1636587910.9602892, 1636587912.5117824, 1636587914.017923, 1636587915.5452504, 1636587917.068253, 1636587918.5771253, 1636587922.9900255, 1636587924.4820518, 1636587926.022706, 1636587927.5297105, 1636587929.0467982, 1636587930.548713, 1636587932.0566852, 1636587936.3001575, 1636587937.804354, 1636587939.3349934, 1636587940.8776343, 1636587942.3677714, 1636587943.8778427],