{"initial_reset_timestamp": 1636587314.202025, "timestamps": [1636587314.4455225, 1636587314.7042491, 1636587314.9579785, 1636587315.2053077, 1636587315.4575949, 1636587315.703034, 1636587315.9658315, 1636587320.0738485, 1636587320.3209941, 1636587320.568054, 1636587320.8193812, 1636587321.0646508, 1636587321.3044124, 1636587321.5499537, 1636587326.0075257, 1636587326.2552238, 1636587326.5016496, 1636587326.7460108, 1636587326.9977176, 1636587327.241559, 1636587327.4839952, 1636587338.746558, 1636587339.0044346, 1636587339.2505043, 1636587339.5015798, 1636587339.744766, 1636587340.0015347, 1636587340.2521303, 1636587351.544788, 1636587351.8161585, 1636587352.0716114, 1636587352.3168263, 1636587352.5631282, 1636587352.8163896, 1636587353.076473, 1636587364.5266125, 1636587364.7776816, 1636587365.021889, 1636587365.2717538, 1636587365.5186737, 1636587365.7651634, 1636587366.0126681, 1636587377.4126177, 1636587377.7471159, 1636587377.989902, 1636587378.244361, 1636587378.493175, 1636587378.7446904, 1636587378.9900239, 1636587390.287204, 1636587390.53931, 1636587390.7897573, 1636587391.038497, 1636587391.296343, 1636587391.5451624, 1636587391.8072438, 1636587403.2719872, 1636587403.5204823, 1636587403.779624, 1636587404.0384912, 1636587404.2878244, 1636587404.5698276, 1636587404.8350697, 1636587416.2706785, 1636587416.533196, 1636587416.7845893, 1636587417.037021, 1636587417.29514, 1636587417.5516644, 1636587417.8066297, 1636587429.0011036, 1636587429.256914, 1636587429.5228503, 1636587429.7835574, 1636587430.0443313, 1636587430.2900841, 1636587430.532241, 1636587441.7881715, 1636587442.0415347, 1636587442.2980607, 1636587442.5454519, 1636587442.8858328, 1636587443.1371887, 1636587443.3838537, 1636587454.7191865, 1636587455.008585, 1636587455.2542698, 1636587455.508429, 1636587455.7566872, 1636587456.005805, 1636587456.2601595, 1636587467.4553142, 1636587467.7153003, 1636587467.9796307, 1636587468.2419684, 1636587468.4888985, 1636587468.7427013, 1636587468.9911091, 1636587480.4355628, 1636587480.6846352, 1636587480.9337306, 1636587481.2070715, 1636587481.4557586, 1636587481.7122755, 1636587481.9587975, 1636587493.322619, 1636587493.5723815, 1636587493.822946, 1636587494.0838356, 1636587494.3448725, 1636587494.6131563, 1636587494.9023733, 1636587506.1397982, 1636587506.3884964, 1636587506.6371155, 1636587506.8863492, 1636587507.1418204, 1636587507.4031236, 1636587507.658773, 1636587519.1931324, 1636587519.4409873, 1636587519.6900513, 1636587519.9578156, 1636587520.229795, 1636587520.4784024, 1636587520.7522998, 1636587532.1049805, 1636587532.3512454, 1636587532.5988169, 1636587532.865819, 1636587533.121006, 1636587533.3888762, 1636587533.6710546, 1636587544.7812395, 1636587545.171096, 1636587545.4352295, 1636587545.6792798, 1636587545.925454, 1636587546.1724515, 1636587546.4425306, 1636587557.7924829, 1636587558.0584157, 1636587558.3192444, 1636587558.585733, 1636587558.8639987, 1636587559.1218228, 1636587559.392902, 1636587570.78937, 1636587571.0455568, 1636587571.2969942, 1636587571.5417867, 1636587571.7867496, 1636587572.0545394, 1636587572.3201349, 1636587583.7325237, 1636587584.016042, 1636587584.303036, 1636587584.5726662, 1636587584.8445373, 1636587585.1252434, 1636587585.3735144, 1636587596.8491752, 1636587597.1163461, 1636587597.3920698, 1636587597.642059, 1636587597.9098153, 1636587598.1548867, 1636587598.4031186, 1636587609.7679508, 1636587610.0245712, 1636587610.269855, 1636587610.5212014, 1636587610.773719, 1636587611.025825, 1636587611.2848737, 1636587622.6122434, 1636587622.8573823, 1636587623.1044447, 1636587623.3621597, 1636587623.629818, 1636587623.8952913, 1636587624.1412306, 1636587635.5147133, 1636587635.7781966, 1636587636.0247219, 1636587636.277579, 1636587636.5254695, 1636587636.77641, 1636587637.0226235, 1636587648.562616, 1636587648.809987, 1636587649.069835, 1636587649.3353689, 1636587649.5850024, 1636587649.8351707, 1636587650.0849636, 1636587661.3349886, 1636587661.5860608, 1636587661.8591466, 1636587662.1395473, 1636587662.3969133, 1636587662.6693323, 1636587662.9221983, 1636587674.4101605, 1636587674.6550503, 1636587674.907832, 1636587675.1648972, 1636587675.4185088, 1636587675.6664162, 1636587675.9123728, 1636587687.4547634, 1636587687.712589, 1636587687.9670677, 1636587688.2174745, 1636587688.470352, 1636587688.7178252, 1636587688.9649498, 1636587700.1949358, 1636587700.4427862, 1636587700.6980314, 1636587700.9546442, 1636587701.2045078, 1636587701.4527342, 1636587701.7110894, 1636587713.153137, 1636587713.4375749, 1636587713.692559, 1636587713.949405, 1636587714.2167609, 1636587714.4651902, 1636587714.7105598, 1636587726.2005663, 1636587726.446837, 1636587726.6919248, 1636587726.9401338, 1636587727.19652, 1636587727.465925, 1636587727.724804, 1636587738.9852295, 1636587739.2466094, 1636587739.5035274, 1636587739.7780948, 1636587740.0310748, 1636587740.3134608, 1636587740.5810452, 1636587752.0048265, 1636587752.2522032, 1636587752.5187464, 1636587752.7917488, 1636587753.0399497, 1636587753.2898123, 1636587753.536317, 1636587764.9557118, 1636587765.2222607, 1636587765.4865947, 1636587765.7603111, 1636587766.0255957, 1636587766.2925315, 1636587766.5767763, 1636587777.8510447, 1636587778.1255891, 1636587778.391238, 1636587778.692187, 1636587778.978234, 1636587779.2301905, 1636587779.4964044, 1636587790.877666, 1636587791.152643, 1636587791.416221, 1636587791.6645694, 1636587791.9423423, 1636587792.2044468, 1636587792.4655573, 1636587803.8348327, 1636587804.0894492, 1636587804.3545341, 1636587804.6119902, 1636587804.8695736, 1636587805.1248794, 1636587805.3726897, 1636587816.7429895, 1636587817.0058935, 1636587817.277241, 1636587817.528354, 1636587817.790876, 1636587818.0631409, 1636587818.3167245, 1636587829.7315912, 1636587829.9947536, 1636587830.259832, 1636587830.5422046, 1636587830.8244777, 1636587831.0828173, 1636587831.3316953, 1636587842.7261748, 1636587842.9799945, 1636587843.244789, 1636587843.506006, 1636587843.767843, 1636587844.0411553, 1636587844.3152263, 1636587855.779273, 1636587856.0503998, 1636587856.3233898, 1636587856.6047158, 1636587856.8806477, 1636587857.1326118, 1636587857.3897374, 1636587868.6580818, 1636587868.9248176, 1636587869.172888, 1636587869.4225166, 1636587869.6725698, 1636587869.930393, 1636587870.1742408, 1636587881.5938816, 1636587881.8676162, 1636587882.12829, 1636587882.3921971, 1636587882.6460714, 1636587882.906955, 1636587883.157921, 1636587894.5458963, 1636587894.8198802, 1636587895.0843613, 1636587895.3340309, 1636587895.597573, 1636587895.8579133, 1636587896.1417372, 1636587907.309619, 1636587907.582406, 1636587907.864986, 1636587908.1234365, 1636587908.3853168, 1636587908.6667984, 1636587908.9317029, 1636587920.5073729, 1636587920.7831347, 1636587921.0292928, 1636587921.2779274, 1636587921.5481014, 1636587921.806253, 1636587922.0697553, 1636587933.3760116, 1636587933.627933, 1636587933.8810234, 1636587934.130429, 1636587934.3836746, 1636587934.6426916, 1636587934.8985288],