{"initial_reset_timestamp": 1636487553.9259205, "timestamps": [1636487558.0350237, 1636487558.382935, 1636487558.9578106, 1636487559.494415, 1636487560.0706837, 1636487560.587929, 1636487563.9690266, 1636487564.485909, 1636487565.0263555, 1636487565.5224535, 1636487566.032178, 1636487566.5193412, 1636487567.0179954, 1636487571.024191, 1636487572.5932052, 1636487574.1486514, 1636487575.7647986, 1636487577.2871335, 1636487578.786926, 1636487580.3900337, 1636487584.869432, 1636487586.4549265, 1636487587.9754097, 1636487589.4913378, 1636487591.0664225, 1636487592.585358, 1636487596.9918966, 1636487598.5825777, 1636487600.1749537, 1636487601.7568364, 1636487603.3197968, 1636487604.8482835, 1636487606.4377568, 1636487610.9582996, 1636487612.5111914, 1636487614.039339, 1636487615.5713935, 1636487617.1640353, 1636487618.7246063, 1636487620.2717135, 1636487625.0246606, 1636487626.6486194, 1636487628.1935825, 1636487629.7330294, 1636487631.3038006, 1636487632.9233978, 1636487637.4886293, 1636487639.044454, 1636487640.5623958, 1636487642.0939186, 1636487643.6784596, 1636487645.2023723, 1636487646.7108967, 1636487651.1321597, 1636487652.6928685, 1636487654.2069032, 1636487655.7674568, 1636487657.3225555, 1636487659.004029, 1636487660.4946039, 1636487665.0609727, 1636487666.6358604, 1636487668.2244487, 1636487669.7624114, 1636487671.3208654, 1636487672.8688738, 1636487677.4422991, 1636487679.0519443, 1636487680.573226, 1636487682.1151528, 1636487683.6989372, 1636487685.229487, 1636487686.7270153, 1636487691.3748837, 1636487692.902328, 1636487694.4689605, 1636487696.0145674, 1636487697.577143, 1636487699.1890802, 1636487700.7532198, 1636487705.3291035, 1636487706.8268206, 1636487708.3437276, 1636487709.9568312, 1636487711.483269, 1636487712.9843423, 1636487717.4948947, 1636487719.0635908, 1636487720.6418014, 1636487722.188798, 1636487723.7149978, 1636487725.3364346, 1636487726.848214, 1636487731.319859, 1636487732.870896, 1636487734.3957345, 1636487735.9582112, 1636487737.5370214, 1636487739.0477023, 1636487740.727897, 1636487747.3781931, 1636487748.9075477, 1636487750.4911509, 1636487752.0188987, 1636487753.5320785, 1636487755.047686, 1636487759.5253668, 1636487761.1310968, 1636487762.5819147, 1636487764.1038454, 1636487765.6522503, 1636487767.2692366, 1636487768.7866657, 1636487773.2137759, 1636487774.7313273, 1636487776.2935262, 1636487777.7978642, 1636487779.317402, 1636487780.825537, 1636487782.442261, 1636487787.168376, 1636487788.667567, 1636487790.2189615, 1636487791.7978575, 1636487793.3338096, 1636487794.8763733, 1636487801.657919, 1636487803.275698, 1636487804.7758691, 1636487806.3484547, 1636487807.8849556, 1636487809.4437609, 1636487810.9438293, 1636487818.5763044, 1636487820.1103404, 1636487821.6478548, 1636487823.2358391, 1636487824.773287, 1636487826.3201678, 1636487827.899248, 1636487835.7861254, 1636487837.3088472, 1636487839.0053139, 1636487840.538683, 1636487842.069182, 1636487843.6316466, 1636487848.2570167, 1636487849.8325126, 1636487851.3573835, 1636487852.8747737, 1636487854.4604418, 1636487856.0110948, 1636487857.5339446, 1636487861.996812, 1636487863.535624, 1636487865.115491, 1636487866.686899, 1636487868.2270188, 1636487869.8070786, 1636487871.3355093, 1636487875.8288476, 1636487877.3576963, 1636487878.868671, 1636487880.4684649, 1636487882.0054932, 1636487883.5290325, 1636487887.9966063, 1636487889.580515, 1636487891.1141489, 1636487892.6081161, 1636487894.1088123, 1636487895.6807244, 1636487897.2273188, 1636487903.9458199, 1636487905.4888184, 1636487906.9927447, 1636487908.5117614, 1636487910.0545843, 1636487911.7068253, 1636487913.2450924, 1636487920.5256193, 1636487922.0568242, 1636487923.5394537, 1636487925.027549, 1636487926.5740094, 1636487928.0764182, 1636487932.555688, 1636487934.0972583, 1636487935.6177254, 1636487937.2523832, 1636487938.767762, 1636487940.302616, 1636487941.8564997, 1636487946.48091, 1636487948.0326457, 1636487949.569271, 1636487951.085581, 1636487952.668621, 1636487954.1626956, 1636487955.653124, 1636487960.1048522, 1636487961.6624293, 1636487963.221829, 1636487964.7605782, 1636487966.2853541, 1636487967.935617, 1636487972.5338633, 1636487974.0474641, 1636487975.563331, 1636487977.0793335, 1636487978.6785634, 1636487980.2534397, 1636487981.789835, 1636487986.388018, 1636487987.9661756, 1636487989.4761524, 1636487991.0246406, 1636487992.5805326, 1636487994.1528156, 1636487995.6950684, 1636488000.2151132, 1636488001.7154973, 1636488003.323892, 1636488004.8254359, 1636488006.3525724, 1636488007.8997834, 1636488012.4530575, 1636488014.018293, 1636488015.536217, 1636488017.09015, 1636488018.7024689, 1636488020.2748084, 1636488021.7976327, 1636488026.4121206, 1636488027.929667, 1636488029.5159233, 1636488031.0286329, 1636488032.5611162, 1636488034.104332, 1636488035.6694152, 1636488040.0702863, 1636488041.5710564, 1636488043.0562212, 1636488044.6177378, 1636488046.1521811, 1636488047.6680589, 1636488052.2036278, 1636488053.7381566, 1636488055.357124, 1636488056.8825078, 1636488058.3856454, 1636488059.9689434, 1636488061.4953005, 1636488066.1488643, 1636488067.6773653, 1636488069.211023, 1636488070.8103273, 1636488072.3572807, 1636488073.8773875, 1636488075.4627879, 1636488079.899584, 1636488081.500178, 1636488083.0046928, 1636488084.5183036, 1636488086.0946622, 1636488087.616427, 1636488092.276205, 1636488093.7913606, 1636488095.3483791, 1636488096.9600773, 1636488098.4960513, 1636488100.0224, 1636488101.6360607, 1636488106.1180515, 1636488107.698209, 1636488109.2466297, 1636488110.7727904, 1636488112.368683, 1636488113.8931139, 1636488115.413849, 1636488120.1588778, 1636488121.7320178, 1636488123.2887077, 1636488124.8372898, 1636488126.3658423, 1636488128.0030618, 1636488132.5449398, 1636488134.075764, 1636488135.615368, 1636488137.2439008, 1636488138.7988307, 1636488140.3443043, 1636488141.876907, 1636488146.5333896, 1636488148.0888958, 1636488149.5898623, 1636488151.1050794, 1636488152.6681817, 1636488154.1889207, 1636488155.6818798, 1636488160.5468774, 1636488162.0445986, 1636488163.5828407, 1636488165.0792801, 1636488166.5864248, 1636488168.1603482, 1636488176.0088851, 1636488177.5182104, 1636488179.0649347, 1636488180.5706244, 1636488182.0669158, 1636488183.6443217, 1636488185.1747427, 1636488193.19862, 1636488194.8428214, 1636488196.3701248, 1636488197.8926628, 1636488199.4870408, 1636488201.0082808, 1636488202.5336368, 1636488211.278766, 1636488212.8393672, 1636488214.3575478, 1636488215.9484134, 1636488217.5102355, 1636488219.064584, 1636488226.745562, 1636488228.3082957, 1636488229.8427026, 1636488231.4258919, 1636488232.9700403, 1636488234.4787514, 1636488236.0623505],